what,kind,bundleId,bundleVersion,description,time
executed,command,org.eclipse.ui,3.7.0.v20110928-1505,"org.eclipse.ui.edit.rename",1375182055704
activated,workbench,org.eclipse.ui.workbench,3.7.1.v20120104-1859,"",1375182055711
deactivated,workbench,org.eclipse.ui.workbench,3.7.1.v20120104-1859,"",1375182059284
executed,command,org.eclipse.ui,3.7.0.v20110928-1505,"org.eclipse.ui.edit.delete",1375182060089
activated,workbench,org.eclipse.ui.workbench,3.7.1.v20120104-1859,"",1375182060099
error,log,,,"Unable to create menu item ""com.aptana.terminal.commands.openTerminal"", command ""com.aptana.terminal.commands.openTerminal"" not defined",1375182065917
deactivated,workbench,org.eclipse.ui.workbench,3.7.1.v20120104-1859,"",1375182068353
executed,command,org.eclipse.team.svn.ui,1.0.0.I20121013-1700,"org.eclipse.team.svn.ui.command.DisconnectCommand",1375182069954
activated,workbench,org.eclipse.ui.workbench,3.7.1.v20120104-1859,"",1375182069964
deactivated,workbench,org.eclipse.ui.workbench,3.7.1.v20120104-1859,"",1375182073724
executed,command,org.eclipse.ui,3.7.0.v20110928-1505,"org.eclipse.ui.edit.rename",1375182079492
activated,workbench,org.eclipse.ui.workbench,3.7.1.v20120104-1859,"",1375182079504
no handler,command,org.eclipse.datatools.sqltools.result.ui,,"org.eclipse.datatools.sqltools.result.removeAllInstances",1375182082454
deactivated,workbench,org.eclipse.ui.workbench,3.7.1.v20120104-1859,"",1375182083668
executed,command,org.eclipse.ui,3.7.0.v20110928-1505,"org.eclipse.ui.edit.delete",1375182084865
activated,workbench,org.eclipse.ui.workbench,3.7.1.v20120104-1859,"",1375182084878
deactivated,workbench,org.eclipse.ui.workbench,3.7.1.v20120104-1859,"",1375182090427
executed,command,org.eclipse.ui,3.7.0.v20110928-1505,"org.eclipse.ui.edit.rename",1375182096578
activated,workbench,org.eclipse.ui.workbench,3.7.1.v20120104-1859,"",1375182096596
deactivated,workbench,org.eclipse.ui.workbench,3.7.1.v20120104-1859,"",1375182099616
executed,command,org.eclipse.ui,3.7.0.v20110928-1505,"org.eclipse.ui.edit.delete",1375182100721
activated,workbench,org.eclipse.ui.workbench,3.7.1.v20120104-1859,"",1375182100751
executed,command,org.eclipse.ui,3.7.0.v20110928-1505,"org.eclipse.ui.navigate.collapseAll",1375182104638
started,bundle,org.eclipse.cdt.debug.core,7.1.0.201202111925,"org.eclipse.cdt.debug.core",1375182108355
started,bundle,org.eclipse.cdt.debug.ui,7.1.2.201202111925,"org.eclipse.cdt.debug.ui",1375182108382
started,bundle,org.eclipse.tm.tcf,0.4.0.201202112004,"org.eclipse.tm.tcf",1375182108478
started,bundle,org.eclipse.tm.tcf.core,0.4.1.201202112004,"org.eclipse.tm.tcf.core",1375182108478
started,bundle,org.eclipse.tm.tcf.debug.ui,0.4.1.201202112004,"org.eclipse.tm.tcf.debug.ui",1375182108570
started,bundle,org.eclipse.tm.tcf.cdt.ui,0.4.0.201202112004,"org.eclipse.tm.tcf.cdt.ui",1375182108680
started,bundle,org.eclipse.cdt.launch,7.0.0.201202111925,"org.eclipse.cdt.launch",1375182108764
started,bundle,org.eclipse.tm.tcf.debug,0.4.0.201202112004,"org.eclipse.tm.tcf.debug",1375182108785
deactivated,workbench,org.eclipse.ui.workbench,3.7.1.v20120104-1859,"",1375182110553
opened,view,org.eclipse.search,3.7.0.v20110928-1504,"org.eclipse.search.ui.views.SearchView",1375182120644
activated,view,org.eclipse.search,3.7.0.v20110928-1504,"org.eclipse.search.ui.views.SearchView",1375182120730
executed,command,org.eclipse.search,3.7.0.v20110928-1504,"org.eclipse.search.ui.openFileSearchPage",1375182120854
activated,workbench,org.eclipse.ui.workbench,3.7.1.v20120104-1859,"",1375182120867
activated,editor,org.eclipse.jdt.ui,3.7.2.v20120109-1427,"org.eclipse.jdt.ui.CompilationUnitEditor",1375182122717
activated,view,org.eclipse.search,3.7.0.v20110928-1504,"org.eclipse.search.ui.views.SearchView",1375182124701
opened,editor,org.eclipse.pde.ui,3.6.100.v20120103_r372,"org.eclipse.pde.ui.manifestEditor",1375182126599
activated,editor,org.eclipse.pde.ui,3.6.100.v20120103_r372,"org.eclipse.pde.ui.manifestEditor",1375182126645
activated,view,org.eclipse.search,3.7.0.v20110928-1504,"org.eclipse.search.ui.views.SearchView",1375182126720
activated,editor,org.eclipse.pde.ui,3.6.100.v20120103_r372,"org.eclipse.pde.ui.manifestEditor",1375182127775
executed,command,org.eclipse.ui,3.7.0.v20110928-1505,"org.eclipse.ui.file.save",1375182129513
activated,view,org.eclipse.search,3.7.0.v20110928-1504,"org.eclipse.search.ui.views.SearchView",1375182131690
opened,editor,org.eclipse.pde.ui,3.6.100.v20120103_r372,"org.eclipse.pde.ui.manifestEditor",1375182140298
activated,editor,org.eclipse.pde.ui,3.6.100.v20120103_r372,"org.eclipse.pde.ui.manifestEditor",1375182140342
activated,view,org.eclipse.search,3.7.0.v20110928-1504,"org.eclipse.search.ui.views.SearchView",1375182140472
activated,editor,org.eclipse.pde.ui,3.6.100.v20120103_r372,"org.eclipse.pde.ui.manifestEditor",1375182141253
executed,command,org.eclipse.ui,3.7.0.v20110928-1505,"org.eclipse.ui.file.save",1375182142884
activated,view,org.eclipse.search,3.7.0.v20110928-1504,"org.eclipse.search.ui.views.SearchView",1375182144675
activated,editor,org.eclipse.pde.ui,3.6.100.v20120103_r372,"org.eclipse.pde.ui.manifestEditor",1375182150927
activated,view,org.eclipse.search,3.7.0.v20110928-1504,"org.eclipse.search.ui.views.SearchView",1375182150943
activated,editor,org.eclipse.pde.ui,3.6.100.v20120103_r372,"org.eclipse.pde.ui.manifestEditor",1375182151984
executed,command,org.eclipse.ui.workbench.texteditor,3.7.0.v20110928-1504,"org.eclipse.ui.edit.text.select.wordPrevious",1375182155501
executed,command,org.eclipse.ui,3.7.0.v20110928-1505,"org.eclipse.ui.edit.copy",1375182156217
activated,view,org.eclipse.search,3.7.0.v20110928-1504,"org.eclipse.search.ui.views.SearchView",1375182159985
activated,editor,org.eclipse.pde.ui,3.6.100.v20120103_r372,"org.eclipse.pde.ui.manifestEditor",1375182160022
activated,view,org.eclipse.search,3.7.0.v20110928-1504,"org.eclipse.search.ui.views.SearchView",1375182160049
activated,editor,org.eclipse.pde.ui,3.6.100.v20120103_r372,"org.eclipse.pde.ui.manifestEditor",1375182160768
executed,command,org.eclipse.ui,3.7.0.v20110928-1505,"org.eclipse.ui.edit.paste",1375182161091
executed,command,org.eclipse.ui,3.7.0.v20110928-1505,"org.eclipse.ui.file.save",1375182161529
activated,view,org.eclipse.search,3.7.0.v20110928-1504,"org.eclipse.search.ui.views.SearchView",1375182163182
opened,editor,org.eclipse.pde.ui,3.6.100.v20120103_r372,"org.eclipse.pde.ui.manifestEditor",1375182164549
activated,editor,org.eclipse.pde.ui,3.6.100.v20120103_r372,"org.eclipse.pde.ui.manifestEditor",1375182164594
activated,view,org.eclipse.search,3.7.0.v20110928-1504,"org.eclipse.search.ui.views.SearchView",1375182164639
activated,editor,org.eclipse.pde.ui,3.6.100.v20120103_r372,"org.eclipse.pde.ui.manifestEditor",1375182165405
executed,command,org.eclipse.ui,3.7.0.v20110928-1505,"org.eclipse.ui.edit.paste",1375182165814
executed,command,org.eclipse.ui,3.7.0.v20110928-1505,"org.eclipse.ui.file.save",1375182166145
activated,view,org.eclipse.search,3.7.0.v20110928-1504,"org.eclipse.search.ui.views.SearchView",1375182167419
activated,view,org.eclipse.ui.navigator.resources,3.4.300.v20110928-1505,"org.eclipse.ui.navigator.ProjectExplorer",1375182173544
executed,command,org.eclipse.ui,3.7.0.v20110928-1505,"org.eclipse.ui.navigate.collapseAll",1375182173643
deactivated,workbench,org.eclipse.ui.workbench,3.7.1.v20120104-1859,"",1375182182688
activated,workbench,org.eclipse.ui.workbench,3.7.1.v20120104-1859,"",1375182184419
deactivated,workbench,org.eclipse.ui.workbench,3.7.1.v20120104-1859,"",1375182184575
executed,command,org.eclipse.ui,3.7.0.v20110928-1505,"org.eclipse.ui.edit.rename",1375182195220
activated,workbench,org.eclipse.ui.workbench,3.7.1.v20120104-1859,"",1375182195232
activated,view,org.eclipse.search,3.7.0.v20110928-1504,"org.eclipse.search.ui.views.SearchView",1375182203801
activated,editor,org.eclipse.pde.ui,3.6.100.v20120103_r372,"org.eclipse.pde.ui.manifestEditor",1375182207177
activated,view,org.eclipse.search,3.7.0.v20110928-1504,"org.eclipse.search.ui.views.SearchView",1375182207189
started,bundle,org.eclipse.wst.xsl.debug.ui,1.0.200.v201101281837,"org.eclipse.wst.xsl.debug.ui",1375182209959
deactivated,workbench,org.eclipse.ui.workbench,3.7.1.v20120104-1859,"",1375182211658
executed,command,org.eclipse.search,3.7.0.v20110928-1504,"org.eclipse.search.ui.openFileSearchPage",1375182213036
activated,workbench,org.eclipse.ui.workbench,3.7.1.v20120104-1859,"",1375182213046
deactivated,workbench,org.eclipse.ui.workbench,3.7.1.v20120104-1859,"",1375182215702
executed,command,org.eclipse.search,3.7.0.v20110928-1504,"org.eclipse.search.ui.openFileSearchPage",1375182217633
activated,workbench,org.eclipse.ui.workbench,3.7.1.v20120104-1859,"",1375182217644
activated,view,org.eclipse.ui.navigator.resources,3.4.300.v20110928-1505,"org.eclipse.ui.navigator.ProjectExplorer",1375182219074
activated,editor,org.eclipse.pde.ui,3.6.100.v20120103_r372,"org.eclipse.pde.ui.manifestEditor",1375182220023
activated,view,org.eclipse.ui.navigator.resources,3.4.300.v20110928-1505,"org.eclipse.ui.navigator.ProjectExplorer",1375182221111
closed,editor,org.eclipse.jdt.ui,3.7.2.v20120109-1427,"org.eclipse.jdt.ui.CompilationUnitEditor",1375182221111
closed,editor,org.eclipse.pde.ui,3.6.100.v20120103_r372,"org.eclipse.pde.ui.manifestEditor",1375182221121
closed,editor,org.eclipse.pde.ui,3.6.100.v20120103_r372,"org.eclipse.pde.ui.manifestEditor",1375182221148
closed,editor,org.eclipse.pde.ui,3.6.100.v20120103_r372,"org.eclipse.pde.ui.manifestEditor",1375182221167
opened,editor,org.eclipse.jdt.ui,3.7.2.v20120109-1427,"org.eclipse.jdt.ui.CompilationUnitEditor",1375182227951
activated,editor,org.eclipse.jdt.ui,3.7.2.v20120109-1427,"org.eclipse.jdt.ui.CompilationUnitEditor",1375182228007
activated,view,org.eclipse.ui.navigator.resources,3.4.300.v20110928-1505,"org.eclipse.ui.navigator.ProjectExplorer",1375182228027
activated,view,org.eclipse.search,3.7.0.v20110928-1504,"org.eclipse.search.ui.views.SearchView",1375182229548
activated,view,org.eclipse.ui.navigator.resources,3.4.300.v20110928-1505,"org.eclipse.ui.navigator.ProjectExplorer",1375182229591
opened,editor,org.eclipse.jdt.ui,3.7.2.v20120109-1427,"org.eclipse.jdt.ui.CompilationUnitEditor",1375182230682
activated,editor,org.eclipse.jdt.ui,3.7.2.v20120109-1427,"org.eclipse.jdt.ui.CompilationUnitEditor",1375182230707
activated,view,org.eclipse.ui.navigator.resources,3.4.300.v20110928-1505,"org.eclipse.ui.navigator.ProjectExplorer",1375182230724
opened,editor,org.eclipse.jdt.ui,3.7.2.v20120109-1427,"org.eclipse.jdt.ui.CompilationUnitEditor",1375182232093
activated,editor,org.eclipse.jdt.ui,3.7.2.v20120109-1427,"org.eclipse.jdt.ui.CompilationUnitEditor",1375182232116
activated,view,org.eclipse.ui.navigator.resources,3.4.300.v20110928-1505,"org.eclipse.ui.navigator.ProjectExplorer",1375182232129
activated,editor,org.eclipse.jdt.ui,3.7.2.v20120109-1427,"org.eclipse.jdt.ui.CompilationUnitEditor",1375182233434
executed,command,org.eclipse.ui.workbench.texteditor,3.7.0.v20110928-1504,"org.eclipse.ui.edit.text.delete.line",1375182235214
executed,command,org.eclipse.ui.workbench.texteditor,3.7.0.v20110928-1504,"org.eclipse.ui.edit.text.delete.line",1375182235786
executed,command,org.eclipse.ui,3.7.0.v20110928-1505,"org.eclipse.ui.file.save",1375182236169
activated,view,org.eclipse.ui.navigator.resources,3.4.300.v20110928-1505,"org.eclipse.ui.navigator.ProjectExplorer",1375182238991
opened,editor,org.eclipse.jdt.ui,3.7.2.v20120109-1427,"org.eclipse.jdt.ui.CompilationUnitEditor",1375182239092
activated,editor,org.eclipse.jdt.ui,3.7.2.v20120109-1427,"org.eclipse.jdt.ui.CompilationUnitEditor",1375182239119
activated,view,org.eclipse.ui.navigator.resources,3.4.300.v20110928-1505,"org.eclipse.ui.navigator.ProjectExplorer",1375182239141
opened,editor,org.eclipse.jdt.ui,3.7.2.v20120109-1427,"org.eclipse.jdt.ui.CompilationUnitEditor",1375182242023
activated,editor,org.eclipse.jdt.ui,3.7.2.v20120109-1427,"org.eclipse.jdt.ui.CompilationUnitEditor",1375182242042
activated,view,org.eclipse.ui.navigator.resources,3.4.300.v20110928-1505,"org.eclipse.ui.navigator.ProjectExplorer",1375182242057
opened,editor,org.eclipse.jdt.ui,3.7.2.v20120109-1427,"org.eclipse.jdt.ui.CompilationUnitEditor",1375182243314
activated,editor,org.eclipse.jdt.ui,3.7.2.v20120109-1427,"org.eclipse.jdt.ui.CompilationUnitEditor",1375182243349
activated,view,org.eclipse.ui.navigator.resources,3.4.300.v20110928-1505,"org.eclipse.ui.navigator.ProjectExplorer",1375182243370
opened,editor,org.eclipse.jdt.ui,3.7.2.v20120109-1427,"org.eclipse.jdt.ui.CompilationUnitEditor",1375182245597
activated,editor,org.eclipse.jdt.ui,3.7.2.v20120109-1427,"org.eclipse.jdt.ui.CompilationUnitEditor",1375182245644
activated,view,org.eclipse.ui.navigator.resources,3.4.300.v20110928-1505,"org.eclipse.ui.navigator.ProjectExplorer",1375182245668
opened,editor,org.eclipse.jdt.ui,3.7.2.v20120109-1427,"org.eclipse.jdt.ui.CompilationUnitEditor",1375182249990
activated,editor,org.eclipse.jdt.ui,3.7.2.v20120109-1427,"org.eclipse.jdt.ui.CompilationUnitEditor",1375182250022
activated,view,org.eclipse.ui.navigator.resources,3.4.300.v20110928-1505,"org.eclipse.ui.navigator.ProjectExplorer",1375182250036
opened,editor,org.eclipse.jdt.ui,3.7.2.v20120109-1427,"org.eclipse.jdt.ui.CompilationUnitEditor",1375182252983
activated,editor,org.eclipse.jdt.ui,3.7.2.v20120109-1427,"org.eclipse.jdt.ui.CompilationUnitEditor",1375182253002
activated,view,org.eclipse.ui.navigator.resources,3.4.300.v20110928-1505,"org.eclipse.ui.navigator.ProjectExplorer",1375182253017
opened,editor,org.eclipse.jdt.ui,3.7.2.v20120109-1427,"org.eclipse.jdt.ui.CompilationUnitEditor",1375182254625
activated,editor,org.eclipse.jdt.ui,3.7.2.v20120109-1427,"org.eclipse.jdt.ui.CompilationUnitEditor",1375182254655
activated,view,org.eclipse.ui.navigator.resources,3.4.300.v20110928-1505,"org.eclipse.ui.navigator.ProjectExplorer",1375182254674
opened,editor,org.eclipse.jdt.ui,3.7.2.v20120109-1427,"org.eclipse.jdt.ui.CompilationUnitEditor",1375182260796
activated,editor,org.eclipse.jdt.ui,3.7.2.v20120109-1427,"org.eclipse.jdt.ui.CompilationUnitEditor",1375182260824
activated,view,org.eclipse.ui.navigator.resources,3.4.300.v20110928-1505,"org.eclipse.ui.navigator.ProjectExplorer",1375182260847
opened,editor,org.eclipse.jdt.ui,3.7.2.v20120109-1427,"org.eclipse.jdt.ui.CompilationUnitEditor",1375182262766
activated,editor,org.eclipse.jdt.ui,3.7.2.v20120109-1427,"org.eclipse.jdt.ui.CompilationUnitEditor",1375182262814
activated,view,org.eclipse.ui.navigator.resources,3.4.300.v20110928-1505,"org.eclipse.ui.navigator.ProjectExplorer",1375182262833
opened,editor,org.eclipse.jdt.ui,3.7.2.v20120109-1427,"org.eclipse.jdt.ui.CompilationUnitEditor",1375182270038
activated,editor,org.eclipse.jdt.ui,3.7.2.v20120109-1427,"org.eclipse.jdt.ui.CompilationUnitEditor",1375182270065
activated,view,org.eclipse.ui.navigator.resources,3.4.300.v20110928-1505,"org.eclipse.ui.navigator.ProjectExplorer",1375182270097
opened,editor,org.eclipse.jdt.ui,3.7.2.v20120109-1427,"org.eclipse.jdt.ui.CompilationUnitEditor",1375182271478
activated,editor,org.eclipse.jdt.ui,3.7.2.v20120109-1427,"org.eclipse.jdt.ui.CompilationUnitEditor",1375182271511
activated,view,org.eclipse.ui.navigator.resources,3.4.300.v20110928-1505,"org.eclipse.ui.navigator.ProjectExplorer",1375182271531
deactivated,workbench,org.eclipse.ui.workbench,3.7.1.v20120104-1859,"",1375182272759
closed,editor,org.eclipse.jdt.ui,3.7.2.v20120109-1427,"org.eclipse.jdt.ui.CompilationUnitEditor",1375182273555
executed,command,org.eclipse.ui,3.7.0.v20110928-1505,"org.eclipse.ui.edit.delete",1375182273622
activated,workbench,org.eclipse.ui.workbench,3.7.1.v20120104-1859,"",1375182273635
activated,editor,org.eclipse.jdt.ui,3.7.2.v20120109-1427,"org.eclipse.jdt.ui.CompilationUnitEditor",1375182274750
activated,view,org.eclipse.ui.navigator.resources,3.4.300.v20110928-1505,"org.eclipse.ui.navigator.ProjectExplorer",1375182274764
opened,editor,org.eclipse.jdt.ui,3.7.2.v20120109-1427,"org.eclipse.jdt.ui.CompilationUnitEditor",1375182276544
activated,editor,org.eclipse.jdt.ui,3.7.2.v20120109-1427,"org.eclipse.jdt.ui.CompilationUnitEditor",1375182276588
activated,view,org.eclipse.ui.navigator.resources,3.4.300.v20110928-1505,"org.eclipse.ui.navigator.ProjectExplorer",1375182276608
opened,editor,org.eclipse.jdt.ui,3.7.2.v20120109-1427,"org.eclipse.jdt.ui.CompilationUnitEditor",1375182283863
activated,editor,org.eclipse.jdt.ui,3.7.2.v20120109-1427,"org.eclipse.jdt.ui.CompilationUnitEditor",1375182283884
activated,view,org.eclipse.ui.navigator.resources,3.4.300.v20110928-1505,"org.eclipse.ui.navigator.ProjectExplorer",1375182288839
opened,editor,org.eclipse.jdt.ui,3.7.2.v20120109-1427,"org.eclipse.jdt.ui.CompilationUnitEditor",1375182288941
activated,editor,org.eclipse.jdt.ui,3.7.2.v20120109-1427,"org.eclipse.jdt.ui.CompilationUnitEditor",1375182288994
activated,view,org.eclipse.ui.navigator.resources,3.4.300.v20110928-1505,"org.eclipse.ui.navigator.ProjectExplorer",1375182289007
activated,editor,org.eclipse.jdt.ui,3.7.2.v20120109-1427,"org.eclipse.jdt.ui.CompilationUnitEditor",1375182294723
activated,view,org.eclipse.ui.navigator.resources,3.4.300.v20110928-1505,"org.eclipse.ui.navigator.ProjectExplorer",1375182294750
opened,editor,org.eclipse.jdt.ui,3.7.2.v20120109-1427,"org.eclipse.jdt.ui.CompilationUnitEditor",1375182295816
activated,editor,org.eclipse.jdt.ui,3.7.2.v20120109-1427,"org.eclipse.jdt.ui.CompilationUnitEditor",1375182295843
activated,view,org.eclipse.ui.navigator.resources,3.4.300.v20110928-1505,"org.eclipse.ui.navigator.ProjectExplorer",1375182295859
opened,editor,org.eclipse.jdt.ui,3.7.2.v20120109-1427,"org.eclipse.jdt.ui.CompilationUnitEditor",1375182299400
activated,editor,org.eclipse.jdt.ui,3.7.2.v20120109-1427,"org.eclipse.jdt.ui.CompilationUnitEditor",1375182299430
activated,view,org.eclipse.ui.navigator.resources,3.4.300.v20110928-1505,"org.eclipse.ui.navigator.ProjectExplorer",1375182299449
activated,editor,org.eclipse.jdt.ui,3.7.2.v20120109-1427,"org.eclipse.jdt.ui.CompilationUnitEditor",1375182302318
activated,view,org.eclipse.ui.navigator.resources,3.4.300.v20110928-1505,"org.eclipse.ui.navigator.ProjectExplorer",1375182302341
activated,editor,org.eclipse.jdt.ui,3.7.2.v20120109-1427,"org.eclipse.jdt.ui.CompilationUnitEditor",1375182302688
executed,command,org.eclipse.jdt.debug.ui,3.6.1.v20111006_r372,"org.eclipse.jdt.debug.ui.localJavaShortcut.run",1375182304880
started,bundle,org.eclipse.cdt.debug.mi.ui,6.1.1.201202111925,"org.eclipse.cdt.debug.mi.ui",1375182305173
started,bundle,org.eclipse.cdt.debug.mi.core,7.1.1.201202111925,"org.eclipse.cdt.debug.mi.core",1375182305303
activated,view,org.eclipse.ui.console,3.5.100.v20111007_r372,"org.eclipse.ui.console.ConsoleView",1375182305486
activated,editor,org.eclipse.jdt.ui,3.7.2.v20120109-1427,"org.eclipse.jdt.ui.CompilationUnitEditor",1375182305758
activated,view,org.eclipse.ui.console,3.5.100.v20111007_r372,"org.eclipse.ui.console.ConsoleView",1375182305863
activated,view,org.eclipse.ui.navigator.resources,3.4.300.v20110928-1505,"org.eclipse.ui.navigator.ProjectExplorer",1375182321127
activated,editor,org.eclipse.jdt.ui,3.7.2.v20120109-1427,"org.eclipse.jdt.ui.CompilationUnitEditor",1375182321230
activated,view,org.eclipse.ui.navigator.resources,3.4.300.v20110928-1505,"org.eclipse.ui.navigator.ProjectExplorer",1375182321276
activated,editor,org.eclipse.jdt.ui,3.7.2.v20120109-1427,"org.eclipse.jdt.ui.CompilationUnitEditor",1375182321651
activated,view,org.eclipse.ui.navigator.resources,3.4.300.v20110928-1505,"org.eclipse.ui.navigator.ProjectExplorer",1375182326854
opened,editor,org.eclipse.jdt.ui,3.7.2.v20120109-1427,"org.eclipse.jdt.ui.CompilationUnitEditor",1375182342021
activated,editor,org.eclipse.jdt.ui,3.7.2.v20120109-1427,"org.eclipse.jdt.ui.CompilationUnitEditor",1375182342059
activated,view,org.eclipse.ui.navigator.resources,3.4.300.v20110928-1505,"org.eclipse.ui.navigator.ProjectExplorer",1375182342091
opened,editor,org.eclipse.jdt.ui,3.7.2.v20120109-1427,"org.eclipse.jdt.ui.CompilationUnitEditor",1375182344527
activated,editor,org.eclipse.jdt.ui,3.7.2.v20120109-1427,"org.eclipse.jdt.ui.CompilationUnitEditor",1375182344569
activated,view,org.eclipse.ui.navigator.resources,3.4.300.v20110928-1505,"org.eclipse.ui.navigator.ProjectExplorer",1375182344597
activated,editor,org.eclipse.jdt.ui,3.7.2.v20120109-1427,"org.eclipse.jdt.ui.CompilationUnitEditor",1375182348504
activated,view,org.eclipse.ui.navigator.resources,3.4.300.v20110928-1505,"org.eclipse.ui.navigator.ProjectExplorer",1375182348546
activated,editor,org.eclipse.jdt.ui,3.7.2.v20120109-1427,"org.eclipse.jdt.ui.CompilationUnitEditor",1375182349471
activated,view,org.eclipse.search,3.7.0.v20110928-1504,"org.eclipse.search.ui.views.SearchView",1375182350686
executed,command,org.eclipse.jdt.ui,3.7.2.v20120109-1427,"org.eclipse.jdt.ui.edit.text.java.search.references.in.workspace",1375182350799
activated,view,org.eclipse.ui.navigator.resources,3.4.300.v20110928-1505,"org.eclipse.ui.navigator.ProjectExplorer",1375182353092
activated,editor,org.eclipse.jdt.ui,3.7.2.v20120109-1427,"org.eclipse.jdt.ui.CompilationUnitEditor",1375182353150
activated,view,org.eclipse.ui.navigator.resources,3.4.300.v20110928-1505,"org.eclipse.ui.navigator.ProjectExplorer",1375182353183
activated,editor,org.eclipse.jdt.ui,3.7.2.v20120109-1427,"org.eclipse.jdt.ui.CompilationUnitEditor",1375182355686
activated,view,org.eclipse.search,3.7.0.v20110928-1504,"org.eclipse.search.ui.views.SearchView",1375182358329
executed,command,org.eclipse.jdt.ui,3.7.2.v20120109-1427,"org.eclipse.jdt.ui.edit.text.java.search.references.in.workspace",1375182358343
activated,view,org.eclipse.ui.navigator.resources,3.4.300.v20110928-1505,"org.eclipse.ui.navigator.ProjectExplorer",1375182360475
deactivated,workbench,org.eclipse.ui.workbench,3.7.1.v20120104-1859,"",1375182362724
closed,editor,org.eclipse.jdt.ui,3.7.2.v20120109-1427,"org.eclipse.jdt.ui.CompilationUnitEditor",1375182363419
executed,command,org.eclipse.ui,3.7.0.v20110928-1505,"org.eclipse.ui.edit.delete",1375182363502
activated,workbench,org.eclipse.ui.workbench,3.7.1.v20120104-1859,"",1375182363518
closed,editor,org.eclipse.jdt.ui,3.7.2.v20120109-1427,"org.eclipse.jdt.ui.CompilationUnitEditor",1375182363717
opened,editor,org.eclipse.pde.ui,3.6.100.v20120103_r372,"org.eclipse.pde.ui.manifestEditor",1375182367229
activated,editor,org.eclipse.pde.ui,3.6.100.v20120103_r372,"org.eclipse.pde.ui.manifestEditor",1375182367273
activated,view,org.eclipse.ui.navigator.resources,3.4.300.v20110928-1505,"org.eclipse.ui.navigator.ProjectExplorer",1375182367298
activated,editor,org.eclipse.pde.ui,3.6.100.v20120103_r372,"org.eclipse.pde.ui.manifestEditor",1375182369168
executed,command,org.eclipse.ui.workbench.texteditor,3.7.0.v20110928-1504,"org.eclipse.ui.edit.text.delete.line",1375182370397
executed,command,org.eclipse.ui,3.7.0.v20110928-1505,"org.eclipse.ui.file.save",1375182370751
activated,editor,org.eclipse.jdt.ui,3.7.2.v20120109-1427,"org.eclipse.jdt.ui.CompilationUnitEditor",1375182374112
closed,editor,org.eclipse.pde.ui,3.6.100.v20120103_r372,"org.eclipse.pde.ui.manifestEditor",1375182374112
activated,view,org.eclipse.ui.navigator.resources,3.4.300.v20110928-1505,"org.eclipse.ui.navigator.ProjectExplorer",1375182384448
opened,editor,org.eclipse.jdt.ui,3.7.2.v20120109-1427,"org.eclipse.jdt.ui.CompilationUnitEditor",1375182386761
activated,editor,org.eclipse.jdt.ui,3.7.2.v20120109-1427,"org.eclipse.jdt.ui.CompilationUnitEditor",1375182386781
activated,view,org.eclipse.ui.navigator.resources,3.4.300.v20110928-1505,"org.eclipse.ui.navigator.ProjectExplorer",1375182386797
opened,editor,org.eclipse.jdt.ui,3.7.2.v20120109-1427,"org.eclipse.jdt.ui.CompilationUnitEditor",1375182388119
activated,editor,org.eclipse.jdt.ui,3.7.2.v20120109-1427,"org.eclipse.jdt.ui.CompilationUnitEditor",1375182388137
activated,view,org.eclipse.ui.navigator.resources,3.4.300.v20110928-1505,"org.eclipse.ui.navigator.ProjectExplorer",1375182388154
opened,editor,org.eclipse.jdt.ui,3.7.2.v20120109-1427,"org.eclipse.jdt.ui.CompilationUnitEditor",1375182389870
activated,editor,org.eclipse.jdt.ui,3.7.2.v20120109-1427,"org.eclipse.jdt.ui.CompilationUnitEditor",1375182389903
activated,view,org.eclipse.ui.navigator.resources,3.4.300.v20110928-1505,"org.eclipse.ui.navigator.ProjectExplorer",1375182389924
opened,editor,org.eclipse.jdt.ui,3.7.2.v20120109-1427,"org.eclipse.jdt.ui.CompilationUnitEditor",1375182391005
activated,editor,org.eclipse.jdt.ui,3.7.2.v20120109-1427,"org.eclipse.jdt.ui.CompilationUnitEditor",1375182391028
activated,view,org.eclipse.ui.navigator.resources,3.4.300.v20110928-1505,"org.eclipse.ui.navigator.ProjectExplorer",1375182391046
opened,editor,org.eclipse.jdt.ui,3.7.2.v20120109-1427,"org.eclipse.jdt.ui.CompilationUnitEditor",1375182393316
activated,editor,org.eclipse.jdt.ui,3.7.2.v20120109-1427,"org.eclipse.jdt.ui.CompilationUnitEditor",1375182393345
activated,view,org.eclipse.ui.navigator.resources,3.4.300.v20110928-1505,"org.eclipse.ui.navigator.ProjectExplorer",1375182393366
opened,editor,org.eclipse.jdt.ui,3.7.2.v20120109-1427,"org.eclipse.jdt.ui.CompilationUnitEditor",1375182398350
activated,editor,org.eclipse.jdt.ui,3.7.2.v20120109-1427,"org.eclipse.jdt.ui.CompilationUnitEditor",1375182398382
activated,view,org.eclipse.ui.navigator.resources,3.4.300.v20110928-1505,"org.eclipse.ui.navigator.ProjectExplorer",1375182398400
opened,editor,org.eclipse.jdt.ui,3.7.2.v20120109-1427,"org.eclipse.jdt.ui.CompilationUnitEditor",1375182400236
activated,editor,org.eclipse.jdt.ui,3.7.2.v20120109-1427,"org.eclipse.jdt.ui.CompilationUnitEditor",1375182400270
activated,view,org.eclipse.ui.navigator.resources,3.4.300.v20110928-1505,"org.eclipse.ui.navigator.ProjectExplorer",1375182400300
opened,editor,org.eclipse.jdt.ui,3.7.2.v20120109-1427,"org.eclipse.jdt.ui.CompilationUnitEditor",1375182402123
activated,editor,org.eclipse.jdt.ui,3.7.2.v20120109-1427,"org.eclipse.jdt.ui.CompilationUnitEditor",1375182402156
activated,view,org.eclipse.ui.navigator.resources,3.4.300.v20110928-1505,"org.eclipse.ui.navigator.ProjectExplorer",1375182402181
opened,editor,org.eclipse.jdt.ui,3.7.2.v20120109-1427,"org.eclipse.jdt.ui.CompilationUnitEditor",1375182405267
activated,editor,org.eclipse.jdt.ui,3.7.2.v20120109-1427,"org.eclipse.jdt.ui.CompilationUnitEditor",1375182405295
activated,view,org.eclipse.ui.navigator.resources,3.4.300.v20110928-1505,"org.eclipse.ui.navigator.ProjectExplorer",1375182405327
opened,editor,org.eclipse.jdt.ui,3.7.2.v20120109-1427,"org.eclipse.jdt.ui.CompilationUnitEditor",1375182407148
activated,editor,org.eclipse.jdt.ui,3.7.2.v20120109-1427,"org.eclipse.jdt.ui.CompilationUnitEditor",1375182407179
activated,view,org.eclipse.ui.navigator.resources,3.4.300.v20110928-1505,"org.eclipse.ui.navigator.ProjectExplorer",1375182407203
opened,editor,org.eclipse.jdt.ui,3.7.2.v20120109-1427,"org.eclipse.jdt.ui.CompilationUnitEditor",1375182408768
activated,editor,org.eclipse.jdt.ui,3.7.2.v20120109-1427,"org.eclipse.jdt.ui.CompilationUnitEditor",1375182408788
activated,view,org.eclipse.ui.navigator.resources,3.4.300.v20110928-1505,"org.eclipse.ui.navigator.ProjectExplorer",1375182408802
activated,editor,org.eclipse.jdt.ui,3.7.2.v20120109-1427,"org.eclipse.jdt.ui.CompilationUnitEditor",1375182411119
activated,view,org.eclipse.ui.navigator.resources,3.4.300.v20110928-1505,"org.eclipse.ui.navigator.ProjectExplorer",1375182411148
activated,editor,org.eclipse.jdt.ui,3.7.2.v20120109-1427,"org.eclipse.jdt.ui.CompilationUnitEditor",1375182413656
activated,view,org.eclipse.ui.navigator.resources,3.4.300.v20110928-1505,"org.eclipse.ui.navigator.ProjectExplorer",1375182414473
closed,editor,org.eclipse.jdt.ui,3.7.2.v20120109-1427,"org.eclipse.jdt.ui.CompilationUnitEditor",1375182414473
closed,editor,org.eclipse.jdt.ui,3.7.2.v20120109-1427,"org.eclipse.jdt.ui.CompilationUnitEditor",1375182414492
